AddressID,property_name,plug_load_consumption,ac_consumption,domestic_gas,heating_gas,kmeans_label,pca_1,pca_2,pca_3,pca_3,Address,Zipcode,Long,Lat,Energy,Measured,Energy in KWH,Annual Energy Bill (USD),Predicted,ReClustering
125 East 105th Street10029,ChurchofStCeciliaReport,0.175057303,0.066550426,0.022769714,0.122170927,0,0.059554872,0.07059638,0.059554872,0.07059638,125 East 105th Street,10029,-73.947326,40.7919189,0.143237331,0.309858044,117869.9999," $21,216.60 ",0.183957072,0
69-71 Grand Avenue11378,69thLaneStudio,0.492353249,0.33889035,0.076335571,0.193365997,3,-0.334241327,0.031452504,-0.334241327,0.031452504,69-71 Grand Avenue,11378,-73.893311,40.7274352,0.393899623,0.042605152,16206.99982," $2,917.26 ",0.027382748,1
312 Fillmore St10301,UnitarianChurchofStatenIsland,0.035233345,0.020037828,0.007739094,0.01216417,0,0.197073112,0.159979313,0.197073112,0.159979313,312 Fillmore St,10301,-74.0986983,40.6429808,0.037827197,0.040914826,15563.99981," $2,801.52 ",0.036065563,0
421 Doughty Blvd11096,SSolowayandSonsPIPPrinting,0.069395717,0.051776311,0.006508235,0.07828953,0,0.148448222,0.097597044,0.148448222,0.097597044,421 Doughty Blvd,11096,-73.7469957,40.6226744,0.075394823,0.067957413,25850.99991," $4,653.18 ",0.053783,0
40-20 47th Avenue11104,SunnysideJewishCenterReport,0.140087482,0.083520406,0.076335571,0.193365997,0,0.034551871,0.007363874,0.034551871,0.007363874,40-20 47th Avenue,11104,-73.923901,40.741461,0.112403285,0.085023659,32342.99988," $5,821.74 ",0.059362888,0
361 6th Ave10014,MoonbluIncdbaJoyBurgerBar,0.678718933,0.570929661,0.902416515,0.224655303,1,-1.003385858,0.179965392,-1.003385858,0.179965392,361 6th Ave,10014,-74.000832,40.732327,0.7088324,0.281119874,106938.0001," $19,248.84 ",0.189959381,1
2075 East 68th Street11234,TempleSholom,0.106806574,0.126068115,0.006899177,0.18707008,0,0.066075651,-0.00856183,0.066075651,-0.00856183,2075 East 68th Street,11234,-73.9096263,40.6188665,0.126878588,0.601958465,228985.0001," $41,217.30 ",0.45764432,0
2075 East 68th Street11234,TempleSholom_(1),0.106806574,0.126068115,0.006899177,0.18707008,0,0.066075651,-0.00856183,0.066075651,-0.00856183,2075 East 68th Street,11234,-73.9096263,40.6188665,0.126878588,0.601958465,228985.0001," $41,217.30 ",0.45764432,0
1625 Ocean Avenue11230,EastMidwoodJewishCenter,0.084974331,0.024104233,0.017709358,0.451236147,2,0.096251088,-0.256488421,0.096251088,-0.256488421,1625 Ocean Avenue,11230,-73.9553737,40.6223507,0.085341709,1,380400," $68,472.00 ",0.980672398,1
84 Rogers Avenue11553,UnitedChurchofGod,0.141500495,0.119669114,0.084665636,0.070158667,0,0.025922329,0.125596194,0.025922329,0.125596194,84 Rogers Avenue,11553,-73.953147,40.67385,0.021748481,0.011855941,4509.999956, $811.80 ,0.038916703,0
584 Bloomindale Road10309,RossvilleAMEZionChurch,0.040531051,0.012134444,0.010077618,0.21320202,0,0.168624227,-0.03259595,0.168624227,-0.03259595,584 Bloomindale Road,10309,-74.218268,40.539434,0.041145883,0.02818612,10722.00005," $1,929.96 ",0.045581555,0
203 Nostrand Ave11205,PentecostalHouseofPrayer,0.053311925,0.056707736,0.076335571,0.193365997,0,0.104325196,-0.001358987,0.104325196,-0.001358987,203 Nostrand Ave,11205,-73.951669,40.69221,0.140010555,0.11500617,43748.34707," $7,874.70 ",0.031674582,0
51-53 Van Duzer Street10301,BethelCommunityChurch,0.061367762,0.069532374,0.011551042,0.212321634,0,0.121505876,-0.033278532,0.121505876,-0.033278532,51-53 Van Duzer Street,10301,-74.077492,40.6369886,0.0296733,0.016732387,6365.000015," $1,145.70 ",0.028191164,0
595 Quincy Street11221,RefugeChurchofGod,0.068117636,0.06108502,0.007769273,0.240092908,0,0.12016944,-0.059425943,0.12016944,-0.059425943,595 Quincy Street,11221,-73.9353011,40.6889701,0.038707779,0.039773922,15129.99993," $2,723.40 ",0.044262925,0
20 Simmons Street11726,BethelAMEChurch,0.053254192,0.014681568,0.00419461,0.002510882,0,0.192106276,0.171221968,0.192106276,0.171221968,20 Simmons Street,11726,-73.405297,40.69052,0.049747965,0.134521556,51171.9999," $9,210.96 ",0.141739914,0
24 Simmons Street11726,BethelAMEChurchHouse,0.083284252,0.185487737,0.076335571,0.193365997,0,0.010444218,-0.007581308,0.010444218,-0.007581308,24 Simmons Street,11726,-73.4050481,40.6910751,0.009220353,0.00581756,2212.999824, $398.34 ,0.078278421,0
109-14 Farmers Blvd11412,GospelAssembly,0.138257442,0.094656771,0.024002806,0.207428922,0,0.05335441,-0.018310089,0.05335441,-0.018310089,109-14 Farmers Blvd,11412,-73.766955,40.7035539,0.143061678,0.056737645,21583.00016," $3,884.94 ",0.012268815,0
15-43 149th Street11357,FirstPresbyterianChurchofWhitestone,0.04775817,0.03260554,0.015703671,0.01905093,0,0.17696299,0.155581914,0.17696299,0.155581914,15-43 149th Street,11357,-73.8159779,40.7859159,0.034463499,0.037413249,14231.99992," $2,561.76 ",0.076695322,0
163 East 111th10029,FirstSpanishMethodistChurch,0.028737942,0.011844349,0.041883796,0.052097976,0,0.1831585,0.128373377,0.1831585,0.128373377,163 East 111th,10029,-73.9435705,40.7954688,0.026579926,0.049353312,18773.99988," $3,379.32 ",0.095406844,0
145-01 Farmers Blvd11434,SpringfieldGardensChurchoftheNazarene_-_Church,0.06288432,0.117634736,0.018897876,0.007050149,0,0.117994743,0.163165003,0.117994743,0.163165003,145-01 Farmers Blvd,11434,-73.7670999,40.6661182,0.084783807,0.033288644,12663.00018," $2,279.34 ",-0.010665246,0
145-07 Farmers Blvd11434,SpringfieldGardensChurchoftheNazarene_-_Parsonage,0.126857326,0.09287995,0.060230396,0.009879803,0,0.071484147,0.17898181,0.071484147,0.17898181,145-07 Farmers Blvd,11434,-73.7671221,40.666011,0.141475569,0.033257098,12651.00008," $2,277.18 ",0.064417915,0
154 Sterling Street11225,GraceandMercyChristianNationalChurch,0.103223694,0.070936862,0.076335571,0.193365997,0,0.064889373,0.003750436,0.064889373,0.003750436,154 Sterling Street,11225,-73.955813,40.662573,0.102992742,0.020423239,7769.000116," $1,398.42 ",0.019912119,0
111-17 Sutphin Blvd.11435,ChurchofGodMissionInternational,0.011096794,0.014134568,0.006137437,0.083699033,0,0.206200359,0.087946314,0.206200359,0.087946314,111-17 Sutphin Blvd.,11435,-73.7952443,40.6881634,0.013600597,0.008264984,3143.999914, $565.92 ,0.026982454,0
90-12 160th Street11432,BethanyFrenchBaptistChurch,0.106647369,0.14218736,0.000409341,0.375584153,2,0.033199074,-0.19342011,0.033199074,-0.19342011,90-12 160th Street,11432,-73.7998407,40.7048201,0.124954429,0.108123028,41129.99985," $7,403.40 ",0.05506917,1
19-20 Mott Avenue Suite 411691,RockawayYouthTaskForce,0.156025186,0.07990648,0.076335571,0.193365997,0,0.026722106,0.009625734,0.026722106,0.009625734,19-20 Mott Avenue Suite 4,11691,-73.7542593,40.604673,0.086481954,0.031180336,11860.99981," $2,134.98 ",0.011983587,0
316 Saratoga Avenue11233,ReshapingLivesMinistries,0.057720179,0.04709673,0.076335571,0.193365997,0,0.107187326,-6.80E-05,0.107187326,-6.80E-05,316 Saratoga Avenue,11233,-73.9169372,40.6747591,0.041670393,0.039813354,15144.99986," $2,726.10 ",0.040075928,0
2135-37 Third Ave10035,ChurchofGodofThirdAvenue,0.049738388,0.043689478,0.031761181,0.239152326,0,0.129927609,-0.054419777,0.129927609,-0.054419777,2135-37 Third Ave,10035,-73.9394039,40.7983018,0.05495212,0.101133018,38471.00005," $6,924.78 ",0.178846776,0
215-31 99th Street11429,FirstRevelationChurch,0.084994665,0.086485278,0.014934024,0.317264038,0,0.080257228,-0.132382901,0.080257228,-0.132382901,215-31 99th Street,11429,-73.742982,40.714861,0.093814558,0.091324921,34739.99995," $6,253.20 ",0.082602161,0
40 Washington St.11550,UnitedMethodistChurchofHempstead-Church,0.026471265,0.043339991,0.027542913,0.146486126,0,0.15992971,0.031403996,0.15992971,0.031403996,40 Washington St.,11550,-73.6203357,40.7077325,0.007771879,0.025039432,9524.999933," $1,714.50 ",0.216152674,0
112 Long Drive11550,UnitedMethodistChurchofHempstead-Parsonage,0.094338142,0.211619186,0.076335571,0.193365997,0,-0.011706561,-0.008225403,-0.011706561,-0.008225403,112 Long Drive,11550,-73.636596,40.701459,0.049090528,0.02079653,7911.000012," $1,423.98 ",0.028834576,0
40 Washington St.11550,UnitedMethodistChurchofHempstead-ParishHall,0.078021195,0.044549643,0.022829236,0.121453334,0,0.132990193,0.060931491,0.132990193,0.060931491,40 Washington St.,11550,-73.6203357,40.7077325,0.007771879,0.183215037,69695.00007," $12,545.10 ",0.293346834,0
422 Dean Street11217,Immanual-FirstSpanishUMC-Parsonage,0.029678638,0.009405147,0.076335571,0.193365997,0,0.146682074,-0.000643849,0.146682074,-0.000643849,422 Dean Street,11217,-73.9773017,40.6822255,0.028375258,0.012276551,4670, $840.60 ,0.046691668,0
424 Dean Street11217,Immanuel-FirstSpanishUMC-Church,0.010258116,0.005815633,0.076335571,0.193365997,0,0.160889679,-0.002782355,0.160889679,-0.002782355,424 Dean Street,11217,-73.9772095,40.6821432,0.010530239,0.017084648,6499.000099," $1,169.82 ",0.149896734,0
590 New Lots Ave11207,PilgrimCathedralofEastNewYork,0.02335858,0.003491084,0.014293037,0.21750887,0,0.181660562,-0.037342189,0.181660562,-0.037342189,590 New Lots Ave,11207,-73.8869517,40.6642448,0.022771094,0.029555731,11243.00007," $2,023.74 ",0.113020703,0
1746 Broadway11207,WaysideBaptistChurch,0.208855227,0.116747791,0.020178905,0.629740645,2,-0.061719174,-0.420271752,-0.061719174,-0.420271752,1746 Broadway,11207,-73.9107046,40.6828091,0.186082488,0.349474238,132940.0001," $23,929.20 ",0.180872789,1
1726 Broadway11207,WaysideBaptistChurch-ManorBuilding,0.067606076,0.039023169,0.009346627,0.007036102,0,0.165724432,0.167834168,0.165724432,0.167834168,1726 Broadway,11207,-73.9111129,40.6832655,0.051123075,0.208622503,79360.00014," $14,284.80 ",0.217401446,0
211 South 4th Street11211,ElPuente,0.095956295,0.035000281,0.013827059,0.401279743,2,0.092085727,-0.208488563,0.092085727,-0.208488563,211 South 4th Street,11211,-73.9596247,40.7109366,0.078840773,0.1179653,44874.00012," $8,077.32 ",0.238098181,1
171 W. 140th St.10030,NewMtZionBaptistChurch,0.193115849,0.154275395,0.005029637,0.12536487,0,0.005488818,0.059250833,0.005488818,0.059250833,171 W. 140th St.,10030,-73.9406397,40.8184082,0.213024967,0.131335436,49959.99985," $8,992.80 ",0.031012666,0
166a 22nd Street11212,UPROSE,0.100204857,0.188940596,0.04397547,0.565721688,2,-0.038900262,-0.372482976,-0.038900262,-0.372482976,166a 22nd Street,11212,-73.9967348,40.6623401,0.133493047,0.067381703,25631.99982," $4,613.76 ",0.065448527,1
165 Humboldt St.11206,InglesiaPentecostalRosadeSaron,0.049124224,0.006570526,0.076335571,0.193365997,0,0.136209574,0.001994166,0.136209574,0.001994166,165 Humboldt St.,11206,-73.941727,40.707105,0.045852353,0.017697161,6732.000044," $1,211.76 ",0.027089442,0
7033 Amboy Road10307,BethelUnitedMethodistChurch,0.050819642,0.017809709,0.019151929,0.006322685,0,0.183778431,0.17013422,0.183778431,0.17013422,7033 Amboy Road,10307,-74.2347349,40.5155411,0.051485491,0.035770242,13607.00006," $2,449.26 ",0.000926707,0
102 Manhattan Ave11206,ElLiriodelosValles,0.148009781,0.072794961,0.023059663,0.188023201,0,0.063267535,0.003153065,0.063267535,0.003153065,102 Manhattan Ave,11206,-73.944397,40.705923,0.027765221,0.015015773,5712.000049," $1,028.16 ",0.049276375,0
86-06 108th St11418,TrinityUMCEastRichmondHill,0.080831417,0.068106918,0.076335571,0.193365997,0,0.080506877,0.001183559,0.080506877,0.001183559,86-06 108th St,11418,-73.8405633,40.6976682,0.081854289,0.022429022,8531.999969," $1,535.76 ",0.029317504,0
86-06 108th St11418,TrinityUMCEastRichmondHill-Parsonage,0.004195454,0.003883969,0.076335571,0.193365997,0,0.165798542,-0.003387276,0.165798542,-0.003387276,86-06 108th St,11418,-73.8405633,40.6976682,0.081854289,0.001671924,635.9998896, $114.48 ,0.039249591,0
61 Rivington St.10002,TheLambsChurchoftheNazarene,0.0347443,0.05350733,0.044623453,0.157373367,0,0.1387464,0.024710704,0.1387464,0.024710704,61 Rivington St.,10002,-73.9903129,40.7204745,0.043761211,0.076750789,29196.00014," $5,255.28 ",0.132275453,0
399 Rockaway Ave11212,HisMajestyInternationalFellowship,0.145170505,0.064874833,0.02477571,0.072848032,0,0.085183945,0.115108026,0.085183945,0.115108026,399 Rockaway Ave,11212,-73.910594,40.670333,0.092395188,0.041640379,15840.00017," $2,851.20 ",0.031185957,0
2849 W 17th St11224,ChristianMissionofStJohn316,0.14080254,0.122103776,0.004078445,0.25728123,0,0.038613458,-0.072489564,0.038613458,-0.072489564,2849 W 17th St,11224,-73.984654,40.577725,0.086072466,0.038480547,14638.00008," $2,634.84 ",0.03154553,0
1424 Fulton Street11216,ElgantoLLC,0.029660242,0.013728721,0.030101849,0.158735947,0,0.172208043,0.022784752,0.172208043,0.022784752,1424 Fulton Street,11216,-73.9437344,40.679904,0.031058857,0.016125131,6133.999832," $1,104.12 ",0.050085582,0
2672 Broadway10025,"4-1_Vision_Education_Media,_LLC_-_NYSERDA_Energy_Assessment_Report",0.148009781,0.072794961,0.076335571,0.193365997,0,0.035873087,0.009178142,0.035873087,0.009178142,2672 Broadway,10025,-73.9687981,40.7982465,0.171351075,0.038611987,14687.99985," $2,643.84 ",0.102102964,0
59 Wright Street10304,NYSERDA_Energy_Assessment_Report_-_Central_Family_Life_Center,0.074910183,0.09565366,0.030938652,0.187531812,0,0.091641864,-0.005576771,0.091641864,-0.005576771,59 Wright Street,10304,-74.0783546,40.6274602,0.069753311,0.150893796,57400," $10,332.00 ",0.140045349,0
547 Nostrand Ave11216,FlowerWorksdbaJaricanFlorist,0.068892031,0.031591017,0.05369348,0.230933418,0,0.11524994,-0.038550802,0.11524994,-0.038550802,547 Nostrand Ave,11216,-73.949474,40.6787873,0.07218374,0.025764984,9800.999914," $1,764.18 ",0.015501963,0
118 W 95th Street10018,CongregationOhabZedekSynagogue,0.247303428,0.244597867,0.04217742,0.096238836,0,-0.095470328,0.094969849,-0.095470328,0.094969849,118 W 95th Street,10018,-73.9690248,40.7923735,0.290053284,0.410304942,156079.9999," $28,094.40 ",0.102287229,0
173-01 108th Ave11433,4-203-236-StPaulUMC-Church,0.062714523,0.06868015,0.03943731,0.275925935,0,0.098176773,-0.088672092,0.098176773,-0.088672092,173-01 108th Ave,11433,-73.782794,40.700289,0.024013304,0.031600946,12020.99986," $2,163.78 ",0.091012091,0
141 West 115th Street10026,MemorialBaptistChurch,0.131636782,0.026451239,0.006798486,0.06752404,0,0.125802717,0.117764127,0.125802717,0.117764127,141 West 115th Street,10026,-73.9520856,40.8023865,0.127249169,0.152684017,58081.00007," $10,454.58 ",0.064535536,0
976 Park Place11213,AnchorHouse-ParkPl,0.611094914,0.445722173,0.186123337,0.233742672,3,-0.531299129,0.021997308,-0.531299129,0.021997308,976 Park Place,11213,-73.9451961,40.6729456,0.57894899,0.475394322,180840.0001," $32,551.20 ",0.323269619,1
162-02 Highland Ave11432,FirstUMCofJamaica-Church,0.041558249,0.045669262,0.032615968,0.013421099,0,0.165547924,0.162795548,0.165547924,0.162795548,162-02 Highland Ave,11432,-73.7955014,40.7117876,0.05009617,0.083806519,31879.99983," $5,738.40 ",0.06739626,0
162-02 Highland Ave11432,FirstUMCofJamaica-Parsonage,0.026744364,0.029426505,0.002246327,0.213167304,0,0.171046581,-0.037258415,0.171046581,-0.037258415,162-02 Highland Ave,11432,-73.7955014,40.7117876,0.05009617,0.015628286,5944.999994," $1,070.10 ",0.059239676,0
162-02 Highland Ave11432,FirstUMCofJamaica-EdBuilding,0.044741142,0.049171275,0.056549957,0.013768023,0,0.149503378,0.167612492,0.149503378,0.167612492,162-02 Highland Ave,11432,-73.7955014,40.7117876,0.05009617,0.121532597,46230.9999," $8,321.58 ",0.139144835,0
1041 Bergen St.11216,AnchorHouse-BergenSt,0.311512429,0.464248806,0.196247911,0.58403966,2,-0.410155785,-0.35319473,-0.410155785,-0.35319473,1041 Bergen St.,11216,-73.9519127,40.6763333,0.393803516,0.447528917,170240," $30,643.20 ",0.318612031,1
200-08 Murdock Ave11412,GraceUMCofStAlbans-Church,0.131873752,0.088835456,0.017916684,0.35794058,2,0.04237244,-0.16542696,0.04237244,-0.16542696,200-08 Murdock Ave,11412,-73.754153,40.699882,0.136266339,0.221427445,84231.00008," $15,161.58 ",0.1695706,1
200-08 Murdock Ave11412,GraceUMCofStAlbansParsonage,0.068087713,0.073325275,0.023926269,0.240173014,0,0.104952733,-0.05705938,0.104952733,-0.05705938,200-08 Murdock Ave,11412,-73.754153,40.699882,0.136266339,0.021004206,7989.999962," $1,438.20 ",0.033913123,0
456 Nostrand Ave11216,HarrietTubmanFannieLouHamerCollectivedbaSistasPlace,0.148009781,0.072794961,0.076335571,0.193365997,0,0.035873087,0.009178142,0.035873087,0.009178142,456 Nostrand Ave,11216,-73.9504883,40.683373,0.166491329,0.021009464,7992.000106," $1,438.56 ",0.004916734,0
51 Cottage Place10302,ReachOutAndTouchMinistriesReport,0.012535264,0.011823406,0.049136383,0.210055301,0,0.167186324,-0.024809022,0.167186324,-0.024809022,51 Cottage Place,10302,-74.1304489,40.6358099,0.014359785,0.009319138,3545.000095, $638.10 ,0.064862405,0
150 Tompkins Ave11206,AbengCenter,0.146406718,0.084781319,0.076335571,0.193365997,0,0.02987461,0.008052542,0.02987461,0.008052542,150 Tompkins Ave,11206,-73.9463324,40.6939713,0.096087944,0.011259201,4283.00006, $770.94 ,-0.003231049,0
408 Marcus Garvey Blvd11216,HouseofArtGallery,0.046008421,0.057460809,0.076335571,0.193365997,0,0.108440439,-0.002325715,0.108440439,-0.002325715,408 Marcus Garvey Blvd,11216,-73.9382722,40.6828827,0.03609187,0.012492114,4752.000166, $855.36 ,0.000316803,0
820 Stanley Ave11207,SouthernBaptistChurch,0.052583439,0.214894734,0.01714361,0.13655501,0,0.050093425,0.028812131,0.050093425,0.028812131,820 Stanley Ave,11207,-73.8789519,40.6612169,0.050108107,0.099263933,37760.00011," $6,796.80 ",0.145120575,0
49-55 Edgecombe Ave10030,StMarksUnitedMethodistChurch,0.135877606,0.058120379,0.009718831,0.088079378,0,0.100284585,0.096587864,0.100284585,0.096587864,49-55 Edgecombe Ave,10030,-73.9468347,40.8186253,0.019502513,0.08966877,34110.00011," $6,139.80 ",0.412733914,0
239 W 139th Street10030,StMarksUnitedMethodistChurch-Parsonage,0.064058023,0.232649607,0.149063655,0.214149543,0,-0.044415798,-0.018432517,-0.044415798,-0.018432517,239 W 139th Street,10030,-73.943372,40.81874,0.016142322,0.011916404,4533.000082, $815.94 ,0.090536736,0
111-113 Vermilyea Avenue10034,NYSERDA_Energy_Assessment_Report_-_Spanish_Van_Dyckman_SDA_Church,0.148009781,0.072794961,0.076335571,0.193365997,0,0.035873087,0.009178142,0.035873087,0.009178142,111-113 Vermilyea Avenue,10034,-73.9216714,40.8661132,0.140010555,0.11500617,43748.34707," $7,874.70 ",0.132528224,0
46-19 206th Street11361,CommunityBaptistChurch,0.06944348,0.377547307,0.01523086,1,2,-0.177223239,-0.816721992,-0.177223239,-0.816721992,46-19 206th Street,11361,-73.7755258,40.7557625,0.147371357,0.057649842,21929.9999," $3,947.40 ",0.1889253,1
975 St. Nicholas Ave.10032,NYSERDA_Energy_Assessment_Report_-_AME_Zion_Church_on_the_Hill,0.148009781,0.072794961,0.076335571,0.193365997,0,0.035873087,0.009178142,0.035873087,0.009178142,975 St. Nicholas Ave.,10032,-73.9404561,40.8341956,0.130693875,0.539789695,205336," $36,960.48 ",0.327942026,0
59-61 W. 137th St.10037,RendallMemorialPresbyterianChurch,0.033911807,0.052338766,0.002645044,0.248719461,0,0.147943852,-0.072420491,0.147943852,-0.072420491,59-61 W. 137th St.,10037,-73.9388203,40.8151905,0.011188676,0.014195584,5400.000154, $972.00 ,0.071811431,0
102 Commerce Street11231,NYSERDA_Energy_Assessment_Report_-_The_CHS_Group,0.139766981,0.072097306,0.008467915,0.039943098,0,0.097169464,0.142260595,0.097169464,0.142260595,102 Commerce Street,11231,-74.0088817,40.6815226,0.090387167,0.16294164,61982.99986," $11,156.94 ",0.133196511,0
584 bay Street10304,NYSERDA_Energy_Assessment_-_Island_Bay_Grill_and_Lounge,0.189875618,0.084176392,0.178812659,0.268982375,0,-0.058867937,-0.038065251,-0.058867937,-0.038065251,584 bay Street,10304,-74.0764021,40.6275215,0.22323004,0.080483701,30615.99986," $5,510.88 ",0.0420729,0
230 Decatur Street11230,MountLebanonBaptistChurch,0.161156242,0.161685892,0.017230509,0.087952535,0,0.020315063,0.093430303,0.020315063,0.093430303,230 Decatur Street,11230,-73.9339499,40.6810893,0.188990157,0.255520505,97200.0001," $17,496.00 ",0.076997158,0
17-31 Seagrit Blvd.11691,SouthIslandMedicalAssociates,0.101173973,0.127820946,0.076335571,0.193365997,0,0.032955875,-0.000899967,0.032955875,-0.000899967,17-31 Seagrit Blvd.,11691,-73.7523365,40.5947466,0.124364356,0.078467403,29849.0001," $5,372.82 ",0.06476165,0
1817 Mott Avenue11691,NYSERDA_Energy_Assessment_-_DAC_Unisex_Beauty_Salon,0.219683153,0.310161867,0.147396514,0.301816385,2,-0.198362967,-0.090157059,-0.198362967,-0.090157059,1817 Mott Avenue,11691,-73.753855,40.6047334,0.267043383,0.038512093,14650.00018," $2,637.00 ",0.058182174,1
112-30 Beach Channel Drive11694,NYSERDA_Energy_Assessment_-_Nelly's_Nails_and_More,0.139020453,0.205806561,0.029148899,0.559928234,2,-0.064719066,-0.366471401,-0.064719066,-0.366471401,112-30 Beach Channel Drive,11694,-73.8636374,40.5751461,0.168098189,0.045454784,17290.99983," $3,112.38 ",0.06936669,1
112-30 Beach Channel Drive11694,JohnLeporeInsuranceAgencyInc,0.123418053,0.090257739,0.148800093,0.294116436,0,-0.00954138,-0.07740219,-0.00954138,-0.07740219,112-30 Beach Channel Drive,11694,-73.8636374,40.5751461,0.168098189,0.040462671,15392.00005," $2,770.56 ",0.085333756,0
7508 Beach Channel Drive116992,NYSERDA_Energy_Assessment_-_Pilgrim_Church_of_Arverne,0.100113298,0.121483912,0.004809373,0.243427739,0,0.065956476,-0.063958114,0.065956476,-0.063958114,7508 Beach Channel Drive,116992,-73.8356758,40.582635,0.029977568,0.042292324,16088.00005," $2,895.84 ",0.102925639,0
171 Avenue C10009,NYSERDA_Energy_Assessment_-_1011_Tavern_Corp_-_Evelyn,0.520249569,0.284421064,0.076335571,0.193365997,3,-0.319837284,0.039131571,-0.319837284,0.039131571,171 Avenue C,10009,-73.9776141,40.7263725,0.547300198,0.088796004,33777.99992," $6,080.04 ",0.024704926,1
1720 Ave J11230,CongregationKnessethBaisYaakov,0.466720144,0.382674561,0.008220681,0.248369478,3,-0.317587371,-0.042595765,-0.317587371,-0.042595765,1720 Ave J,11230,-73.958697,40.62523,0.140010555,0.11500617,43748.34707," $7,874.70 ",0.079107015,1
9.18E+14,TheStarPeople'sLaundromat,0.204688456,0.135965749,0.95766219,0.230649325,3,-0.482268186,0.160415995,-0.482268186,0.160415995,9176135257,10302,-74.131907,40.6360389,0.184469559,0.059858044,22769.99994," $4,098.60 ",0.23084019,1
117 Wright Street10304,FirstCentralBaptistChurch,0.062953609,0.07136085,0.003471107,0.057111673,0,0.145561614,0.115116349,0.145561614,0.115116349,117 Wright Street,10304,-74.0797014,40.6282664,0.042562887,0.073659306,28020," $5,043.60 ",0.112696604,0
758 Arthur Kill Road10312,CAAABagels,1,0.997882448,1,0.108745418,1,-1.48533564,0.319483273,-1.48533564,0.319483273,758 Arthur Kill Road,10312,-74.166282,40.5597809,0.9034585,0.244300736,92931.99997," $16,727.76 ",0.204276699,1
112-20 beach Channel Drive11694,NYSERDA_Energy_Assessment_Report_-_World_Champions_Karate,0.077888926,0.080990578,0.048186403,0.155218477,0,0.094317762,0.030785564,0.094317762,0.030785564,112-20 beach Channel Drive,11694,-73.8357699,40.5827587,0.088107911,0.015883281,6042.000092," $1,087.56 ",0.023227648,0
241 Beach 116th Street #111694,PaninicoCafeReport,0.844713519,1,0.654870041,0.447673382,1,-1.265381996,-0.100116369,-1.265381996,-0.100116369,241 Beach 116th Street #1,11694,-73.8379319,40.5804826,1,0.144216614,54859.99997," $9,874.80 ",0.194025868,1
239 Beach 116th Street11694,Curran'sSuperiorMeatsReport,0.715080169,0.717029609,0.270809469,0.143086385,3,-0.783999328,0.119390155,-0.783999328,0.119390155,239 Beach 116th Street,11694,-73.8378233,40.5805242,0.809332847,0.145899054,55500.00014," $9,990.00 ",0.081179157,1
239 Beach 116th Street11694,Sigma_AlphaLLCReport,0.080060654,0.192746649,0.076335571,0.193365997,0,0.008216533,-0.00854321,0.008216533,-0.00854321,239 Beach 116th Street,11694,-73.8378233,40.5805242,0.809332847,0.010533649,4007.00008, $721.26 ,0.040899518,0
375 Beach 92nd Street11693,ThaiRock,0.21595866,0.175909553,0.085294305,0.336276546,2,-0.091510229,-0.126601734,-0.091510229,-0.126601734,375 Beach 92nd Street,11693,-73.817115,40.5887325,0.237178272,0.256537855,97587.00004," $17,565.66 ",0.132115039,1
132 W 134th Street10030,SaintJohnAMEChurch,0.072312773,0.184637979,0.016264122,0.092694295,0,0.062131655,0.07581822,0.062131655,0.07581822,132 W 134th Street,10030,-73.9433814,40.8140753,0.030930808,0.025604627,9740.000111," $1,753.20 ",0.024196691,0
1332 Central Avenue11691,ArverneChurchofGod-COGCA,0.198862876,0.171218038,0.031958148,0.23536139,0,-0.037092877,-0.042017223,-0.037092877,-0.042017223,1332 Central Avenue,11691,-73.7491396,40.6075143,0.133405925,0.196529968,74759.99983," $13,456.80 ",0.235872265,0
1318 Central Avenue11691,ArverneChurchofGod,0.177692929,0.132626833,0.064107116,0.591351181,2,-0.068057282,-0.379039076,-0.068057282,-0.379039076,1318 Central Avenue,11691,-73.7497946,40.6072579,0.112122209,0.062152997,23643.00006," $4,255.74 ",0.095660489,1
157 St. Pauls Place11226,SaintPaulsChurch-OfficeAuditorium,0.02565082,0.005482528,0.004477935,0.036712614,0,0.209686777,0.135496891,0.209686777,0.135496891,157 St. Pauls Place,11226,-73.9621723,40.6504518,0.140010555,0.11500617,43748.34707," $7,874.70 ",0.197295226,0
2115 Albermarle Terrace11226,SaintPaulsChurchRectory,0.019115284,0.003331379,0.011234286,0.10923339,0,0.201327553,0.066165913,0.201327553,0.066165913,2115 Albermarle Terrace,11226,-73.95918,40.648795,0.017624315,0.012505258,4757.000143, $856.26 ,0.068928998,0
2115 Albermarle Terrace11226,SaintPaulsChurchRectory,0.019115284,0.003331379,0.011234286,0.10923339,0,0.201327553,0.066165913,0.201327553,0.066165913,2115 Albermarle Terrace,11226,-73.95918,40.648795,0.017624315,0.012505258,4757.000143, $856.26 ,0.068928998,0
2134 Dean Street11233,GloverMemorialBaptistChurch,0.031851697,0.024680627,0.043009816,0.148006679,0,0.159519693,0.03529383,0.159519693,0.03529383,2134 Dean Street,11233,-73.9170051,40.6749107,0.034022416,0.033217666,12636.00015," $2,274.48 ",0.060283879,0
502 North Central Avenue11580,GatewayChristianCenter,0.072477439,0.079731736,0.00336142,0.000701489,0,0.142811696,0.170160957,0.142811696,0.170160957,502 North Central Avenue,11580,-73.7111511,40.6792129,0.056318228,0.090357518,34371.99985," $6,186.96 ",0.088004627,0
334 Ashford Street11208,NewTestamentChristianChurch,0.148009781,0.072794961,0.076335571,0.193365997,0,0.035873087,0.009178142,0.035873087,0.009178142,334 Ashford Street,11208,-73.8854697,40.6741827,0.140010555,0.11500617,43748.34707," $7,874.70 ",0.011285591,0
260 Broadway11211,BrooklynLegalServicesCorpA,0.157626124,0.084391573,0.041709209,0.06981543,0,0.057986546,0.121637544,0.057986546,0.121637544,260 Broadway,11211,-73.95957,40.7086929,0.170715261,0.489752892,186302.0001," $33,534.36 ",0.496610151,0
599 Washington Ave11236,JesusTheGoodShepherdChurchReport,0.068454795,0.116726792,0.004413315,0.00922192,0,0.12198327,0.158786484,0.12198327,0.158786484,599 Washington Ave,11236,-73.9638333,40.679697,0.046567227,0.043157203,16417.00002," $2,955.06 ",0.095141911,0
31-86 37th Street11103,LunaNYCafeCorpReport,0.924568579,0.229013427,0.076335571,0.193365997,3,-0.539646348,0.093709225,-0.539646348,0.093709225,31-86 37th Street,11103,-73.920481,40.7600746,0.922420707,0.133028391,50603.99994," $9,108.72 ",0.012264781,1
161 E 104th Street10029,ChurchoftheLivingHopeReport,0.016849556,0.006109577,0.023181025,0.147211806,0,0.189744904,0.031466231,0.189744904,0.031466231,161 E 104th Street,10029,-73.9465147,40.7908209,0.016656912,0.018301788,6962.000155," $1,253.16 ",0.091716615,0
